{"Mosaics": {"_type": "images/separated", "width": 1280, "height": 1280, "format": "jpg", "count": 10, "filenames": ["media/images/Mosaics_0_68164e7b6f0c975a0bbb.jpg", "media/images/Mosaics_0_e1413af50f97223e19e9.jpg", "media/images/Mosaics_0_dae23b6ae9aa375c8d5d.jpg", "media/images/Mosaics_0_0cc8450458c5053f881a.jpg", "media/images/Mosaics_0_f97794d5ef35e4283932.jpg", "media/images/Mosaics_0_954803eb69a061b2dad6.jpg", "media/images/Mosaics_0_164717cd2e5e7b314a00.jpg", "media/images/Mosaics_0_bc49a08e96a3e7cba3cd.jpg", "media/images/Mosaics_0_9ddc01c41a0b1b452dba.jpg", "media/images/Mosaics_0_59cfdd69420ef4b80535.jpg"], "captions": ["train_batch0.jpg", "train_batch1.jpg", "train_batch2.jpg", "train_batch3.jpg", "train_batch4.jpg", "train_batch5.jpg", "train_batch6.jpg", "train_batch7.jpg", "train_batch8.jpg", "train_batch9.jpg"]}, "train/box_loss": 0.07219783216714859, "train/obj_loss": 0.024268722161650658, "train/cls_loss": 0.02166651375591755, "metrics/precision": 0.0005528239548375348, "metrics/recall": 0.04497354497354497, "metrics/mAP_0.5": 0.00010946743967447501, "metrics/mAP_0.5:0.95": 1.7279634995829307e-05, "val/box_loss": 0.09622836112976074, "val/obj_loss": 0.0411764420568943, "val/cls_loss": 0.019774392247200012, "x/lr0": 0.0008500000000000001, "x/lr1": 0.0008500000000000001, "x/lr2": 0.09235, "_timestamp": 1681764955.2975402, "_runtime": 125.0925440788269, "_step": 0, "_wandb": {"runtime": 159}}